species,status,precision_v1,precision_v2,precision_delta,recall_v1,recall_v2,recall_delta,f1_score_v1,f1_score_v2,f1_score_delta,support_v1,support_v2
Abracris_flavolineata,both,0.8333,0.8,-0.0333,1.0,0.8,-0.2,0.9091,0.8,-0.1091,5,5
Achlyodes_pallida,both,1.0,1.0,0.0,1.0,1.0,0.0,1.0,1.0,0.0,5,5
Acropternis_orthonyx,both,1.0,1.0,0.0,1.0,1.0,0.0,1.0,1.0,0.0,5,5
Actinote_neleus,both,1.0,0.7143,-0.2857,1.0,1.0,0.0,1.0,0.8333,-0.1667,5,5
Actinote_stratonice,both,0.6,0.75,0.15,0.6,0.6,0.0,0.6,0.6667,0.0667,5,5
Adelomyia_melanogenys,both,1.0,0.9091,-0.0909,0.8333,0.8333,0.0,0.9091,0.8696,-0.0395,12,12
Adhemarius_sexoculata,both,1.0,1.0,0.0,1.0,1.0,0.0,1.0,1.0,0.0,5,5
Aechmea_angustifolia,both,1.0,1.0,0.0,0.8,1.0,0.2,0.8889,1.0,0.1111,5,5
Aglaeactis_cupripennis,both,1.0,1.0,0.0,1.0,1.0,0.0,1.0,1.0,0.0,15,15
Aglaiocercus_coelestis,both,0.8333,1.0,0.1667,1.0,0.6,-0.4,0.9091,0.75,-0.1591,5,5
Aglaiocercus_kingii,both,1.0,0.8667,-0.1333,0.8,0.8667,0.0667,0.8889,0.8667,-0.0222,15,15
Aiouea_montana,both,0.5714,0.6667,0.0953,0.8,0.8,0.0,0.6667,0.7273,0.0606,5,5
Alouatta_seniculus,both,0.8,0.75,-0.05,0.8,0.6,-0.2,0.8,0.6667,-0.1333,5,5
Altinote_ozomene,both,0.8571,0.8571,0.0,0.8571,0.8571,0.0,0.8571,0.8571,0.0,7,7
Amanita_muscaria,both,1.0,1.0,0.0,1.0,1.0,0.0,1.0,1.0,0.0,5,5
Amastus_aconia,both,1.0,1.0,0.0,1.0,0.8,-0.2,1.0,0.8889,-0.1111,5,5
Amastus_coccinator,both,1.0,1.0,0.0,1.0,0.8,-0.2,1.0,0.8889,-0.1111,5,5
Amastus_episcotosia,both,1.0,1.0,0.0,1.0,1.0,0.0,1.0,1.0,0.0,5,5
Amastus_thalassina,both,1.0,0.8889,-0.1111,1.0,1.0,0.0,1.0,0.9412,-0.0588,8,8
Amazilia_tzacatl,both,0.75,0.8571,0.1071,0.6667,0.6667,0.0,0.7059,0.75,0.0441,9,9
Amazona_mercenaria,both,1.0,0.8,-0.2,0.8,0.8,0.0,0.8889,0.8,-0.0889,5,5
Ampelioides_tschudii,both,0.7143,0.7143,0.0,1.0,1.0,0.0,0.8333,0.8333,0.0,5,5
Ampelion_rubrocristatus,both,1.0,1.0,0.0,1.0,1.0,0.0,1.0,1.0,0.0,5,5
Ampelion_rufaxilla,both,1.0,0.6667,-0.3333,0.6,0.8,0.2,0.75,0.7273,-0.0227,5,5
Anartia_amathea,both,0.9231,1.0,0.0769,0.9231,0.9231,0.0,0.9231,0.96,0.0369,13,13
Anartia_jatrophae,both,0.8333,1.0,0.1667,1.0,1.0,0.0,0.9091,1.0,0.0909,5,5
Ancognatha_scarabaeoides,both,0.8333,0.8,-0.0333,1.0,0.8,-0.2,0.9091,0.8,-0.1091,5,5
Ancognatha_vulgaris,both,0.8,1.0,0.2,0.8,0.8,0.0,0.8,0.8889,0.0889,5,5
Andesanthus_lepidotus,both,0.75,0.75,0.0,0.6,0.6,0.0,0.6667,0.6667,0.0,5,5
Andigena_hypoglauca,both,1.0,1.0,0.0,1.0,1.0,0.0,1.0,1.0,0.0,15,15
Andigena_nigrirostris,both,1.0,1.0,0.0,1.0,1.0,0.0,1.0,1.0,0.0,14,14
Andinia_pilosella,both,1.0,1.0,0.0,0.8,0.8,0.0,0.8889,0.8889,0.0,5,5
Andinobates_daleswansoni,both,0.8333,0.7143,-0.119,1.0,1.0,0.0,0.9091,0.8333,-0.0758,5,5
Anisognathus_igniventris,both,1.0,1.0,0.0,1.0,0.9333,-0.0667,1.0,0.9655,-0.0345,15,15
Anisognathus_lacrymosus,both,0.9286,0.8333,-0.0953,0.8667,1.0,0.1333,0.8966,0.9091,0.0125,15,15
Anisognathus_somptuosus,both,0.8333,1.0,0.1667,1.0,1.0,0.0,0.9091,1.0,0.0909,15,15
Anolis_antonii,both,0.875,1.0,0.125,0.875,0.875,0.0,0.875,0.9333,0.0583,8,8
Anolis_quimbaya,both,1.0,0.6667,-0.3333,0.6,0.4,-0.2,0.75,0.5,-0.25,5,5
Anolis_ventrimaculatus,both,0.6667,0.6667,0.0,0.8,0.8,0.0,0.7273,0.7273,0.0,5,5
Anteos_clorinde,both,0.625,0.5714,-0.0536,1.0,0.8,-0.2,0.7692,0.6667,-0.1025,5,5
Anthanassa_drusilla,both,1.0,0.8,-0.2,0.8,0.8,0.0,0.8889,0.8,-0.0889,5,5
Anthoptus_epictetus,both,1.0,1.0,0.0,1.0,1.0,0.0,1.0,1.0,0.0,5,5
Anthracothorax_nigricollis,both,1.0,1.0,0.0,0.6,0.6,0.0,0.75,0.75,0.0,5,5
Anthurium_caramantae,both,0.75,0.8571,0.1071,1.0,1.0,0.0,0.8571,0.9231,0.066,6,6
Anthurium_crystallinum,both,1.0,1.0,0.0,1.0,1.0,0.0,1.0,1.0,0.0,5,5
Aotus_griseimembra,both,0.7143,0.8333,0.119,1.0,1.0,0.0,0.8333,0.9091,0.0758,5,5
Aotus_lemurinus,both,0.6667,1.0,0.3333,0.8,0.8,0.0,0.7273,0.8889,0.1616,5,5
Aphelandra_runcinata,both,0.8333,0.7143,-0.119,1.0,1.0,0.0,0.9091,0.8333,-0.0758,5,5
Apis_mellifera,both,0.9091,0.9091,0.0,0.8333,0.8333,0.0,0.8696,0.8696,0.0,12,12
Ara_severus,both,1.0,1.0,0.0,0.8,0.8,0.0,0.8889,0.8889,0.0,5,5
Araneus_granadensis,both,1.0,1.0,0.0,1.0,1.0,0.0,1.0,1.0,0.0,5,5
Aratinga_pertinax,both,1.0,0.8,-0.2,1.0,0.8,-0.2,1.0,0.8,-0.2,5,5
Aratinga_wagleri,both,0.7143,0.7143,0.0,1.0,1.0,0.0,0.8333,0.8333,0.0,5,5
Araucaria_columnaris,both,1.0,1.0,0.0,0.8,0.8,0.0,0.8889,0.8889,0.0,5,5
Archonias_flisa,both,1.0,1.0,0.0,1.0,1.0,0.0,1.0,1.0,0.0,5,5
Ardea_alba,both,1.0,0.75,-0.25,0.8,0.6,-0.2,0.8889,0.6667,-0.2222,5,5
Ardea_cocoi,both,0.8333,0.8333,0.0,1.0,1.0,0.0,0.9091,0.9091,0.0,5,5
Argiope_argentata,both,1.0,1.0,0.0,1.0,1.0,0.0,1.0,1.0,0.0,7,7
Aristolochia_cordiflora,both,1.0,0.8,-0.2,0.8,0.8,0.0,0.8889,0.8,-0.0889,5,5
Arremon_assimilis,both,1.0,0.9375,-0.0625,1.0,1.0,0.0,1.0,0.9677,-0.0323,15,15
Arremon_brunneinucha,both,0.8333,0.8333,0.0,1.0,1.0,0.0,0.9091,0.9091,0.0,5,5
Arundina_graminifolia,both,0.6667,0.6667,0.0,0.8,0.8,0.0,0.7273,0.7273,0.0,5,5
Ascalapha_odorata,both,0.8889,1.0,0.1111,1.0,1.0,0.0,0.9412,1.0,0.0588,8,8
Asclepias_curassavica,both,1.0,1.0,0.0,1.0,1.0,0.0,1.0,1.0,0.0,5,5
Asio_stygius,both,1.0,0.7143,-0.2857,1.0,1.0,0.0,1.0,0.8333,-0.1667,5,5
Atlapetes_albinucha,both,0.6667,1.0,0.3333,0.4,0.6,0.2,0.5,0.75,0.25,5,5
Atlapetes_flaviceps,both,0.8333,0.75,-0.0833,1.0,0.6,-0.4,0.9091,0.6667,-0.2424,5,5
Atlapetes_pallidinucha,both,1.0,1.0,0.0,1.0,1.0,0.0,1.0,1.0,0.0,8,8
Atlapetes_schistaceus,both,1.0,1.0,0.0,0.9333,0.9333,0.0,0.9655,0.9655,0.0,15,15
Atractus_lehmanni,both,0.625,0.625,0.0,1.0,1.0,0.0,0.7692,0.7692,0.0,5,5
Atractus_obesus,both,0.8,1.0,0.2,0.8,0.8,0.0,0.8,0.8889,0.0889,5,5
Atta_cephalotes,both,1.0,0.8333,-0.1667,1.0,1.0,0.0,1.0,0.9091,-0.0909,5,5
Aulacorhynchus_albivitta,both,1.0,0.9167,-0.0833,1.0,1.0,0.0,1.0,0.9565,-0.0435,11,11
Aulacorhynchus_haematopygus,both,1.0,1.0,0.0,1.0,1.0,0.0,1.0,1.0,0.0,5,5
Baccharis_latifolia,both,0.4444,0.4,-0.0444,0.8,0.8,0.0,0.5714,0.5333,-0.0381,5,5
Bangsia_melanochlamys,both,0.6667,1.0,0.3333,0.8,0.8,0.0,0.7273,0.8889,0.1616,5,5
Basileuterus_culicivorus,both,1.0,0.8333,-0.1667,1.0,1.0,0.0,1.0,0.9091,-0.0909,5,5
Basiliscus_galeritus,both,1.0,0.8,-0.2,0.8,0.8,0.0,0.8889,0.8,-0.0889,5,5
Begonia_lehmannii,both,1.0,1.0,0.0,0.8,0.8,0.0,0.8889,0.8889,0.0,5,5
Begonia_maurandiae,both,1.0,1.0,0.0,0.8,1.0,0.2,0.8889,1.0,0.1111,5,5
Begonia_umbellata,both,0.7143,0.7143,0.0,0.8333,0.8333,0.0,0.7692,0.7692,0.0,6,6
Begonia_urticae,both,1.0,1.0,0.0,1.0,0.9167,-0.0833,1.0,0.9565,-0.0435,12,12
Bellucia_pentamera,both,0.6667,0.8,0.1333,0.4,0.8,0.4,0.5,0.8,0.3,5,5
Besleria_cinnabarina,both,0.8,0.75,-0.05,0.8,0.6,-0.2,0.8,0.6667,-0.1333,5,5
Boana_platanera,both,0.75,0.75,0.0,0.6,0.6,0.0,0.6667,0.6667,0.0,5,5
Boana_pugnax,both,0.6667,0.7143,0.0476,0.8,1.0,0.2,0.7273,0.8333,0.106,5,5
Bocconia_frutescens,both,1.0,1.0,0.0,0.8,0.8,0.0,0.8889,0.8889,0.0,5,5
Boissonneaua_flavescens,both,0.875,0.9333,0.0583,0.9333,0.9333,0.0,0.9032,0.9333,0.0301,15,15
Boissonneaua_jardini,both,1.0,1.0,0.0,1.0,1.0,0.0,1.0,1.0,0.0,5,5
Bolborhynchus_ferrugineifrons,both,1.0,0.8333,-0.1667,1.0,1.0,0.0,1.0,0.9091,-0.0909,5,5
Bolitoglossa_lozanoi,both,0.8333,0.8333,0.0,1.0,1.0,0.0,0.9091,0.9091,0.0,5,5
Bombus_funebris,both,1.0,0.8333,-0.1667,0.8,1.0,0.2,0.8889,0.9091,0.0202,5,5
Bombus_hortulanus,both,1.0,0.8333,-0.1667,0.8,1.0,0.2,0.8889,0.9091,0.0202,5,5
Bombus_pauloensis,both,0.8333,0.8333,0.0,1.0,1.0,0.0,0.9091,0.9091,0.0,5,5
Bombus_rubicundus,both,0.6667,0.6667,0.0,0.8,0.8,0.0,0.7273,0.7273,0.0,5,5
Bothriechis_schlegelii,both,0.8,1.0,0.2,0.8,0.8,0.0,0.8,0.8889,0.0889,5,5
Bubulcus_ibis,both,1.0,1.0,0.0,1.0,1.0,0.0,1.0,1.0,0.0,6,6
Burmeistera_bullatifolia,both,0.8,0.6667,-0.1333,0.8,0.8,0.0,0.8,0.7273,-0.0727,5,5
Busarellus_nigricollis,both,0.8333,1.0,0.1667,1.0,1.0,0.0,0.9091,1.0,0.0909,5,5
Buteo_albicaudatus,both,0.75,0.75,0.0,0.6,0.6,0.0,0.6667,0.6667,0.0,5,5
Buteo_brachyurus,both,1.0,1.0,0.0,0.8,0.6,-0.2,0.8889,0.75,-0.1389,5,5
Buteo_platypterus,both,0.8,0.9,0.1,0.8,0.9,0.1,0.8,0.9,0.1,10,10
Buthraupis_montana,both,0.8182,0.8182,0.0,0.9,0.9,0.0,0.8571,0.8571,0.0,10,10
Butorides_striata,both,0.5714,0.625,0.0536,0.8,1.0,0.2,0.6667,0.7692,0.1025,5,5
Cacicus_chrysonotus,both,0.5,0.75,0.25,0.2,0.6,0.4,0.2857,0.6667,0.381,5,5
Caiman_crocodilus,both,1.0,1.0,0.0,1.0,1.0,0.0,1.0,1.0,0.0,5,5
Caligo_atreus,both,1.0,1.0,0.0,1.0,1.0,0.0,1.0,1.0,0.0,5,5
Caligo_oileus,both,1.0,0.8333,-0.1667,1.0,1.0,0.0,1.0,0.9091,-0.0909,5,5
Callianthe_megapotamica,both,1.0,0.8,-0.2,0.8,0.8,0.0,0.8889,0.8,-0.0889,5,5
Callianthe_picta,both,0.6667,0.6667,0.0,0.8,0.8,0.0,0.7273,0.7273,0.0,5,5
Calliphlox_mitchellii,both,0.625,0.6667,0.0417,1.0,0.8,-0.2,0.7692,0.7273,-0.0419,5,5
Campephilus_pollens,both,1.0,0.625,-0.375,1.0,1.0,0.0,1.0,0.7692,-0.2308,5,5
Capito_hypoleucus,both,1.0,1.0,0.0,1.0,1.0,0.0,1.0,1.0,0.0,5,5
Capsicum_dimorphum,both,0.5714,0.75,0.1786,0.8,0.6,-0.2,0.6667,0.6667,0.0,5,5
Caracara_plancus,both,0.875,0.875,0.0,0.875,0.875,0.0,0.875,0.875,0.0,8,8
Cardellina_canadensis,both,1.0,1.0,0.0,0.8,0.6,-0.2,0.8889,0.75,-0.1389,5,5
Castilia_eranites,both,0.8,1.0,0.2,0.8,0.6,-0.2,0.8,0.75,-0.05,5,5
Castilleja_arvensis,both,0.6,1.0,0.4,0.6,0.8,0.2,0.6,0.8889,0.2889,5,5
Castilleja_fissifolia,both,0.8,1.0,0.2,0.8,1.0,0.2,0.8,1.0,0.2,5,5
Catamblyrhynchus_diadema,both,0.7143,0.8333,0.119,1.0,1.0,0.0,0.8333,0.9091,0.0758,5,5
Catamenia_homochroa,both,0.75,1.0,0.25,0.6,0.6,0.0,0.6667,0.75,0.0833,5,5
Catamenia_inornata,both,0.5714,0.7143,0.1429,0.8,1.0,0.2,0.6667,0.8333,0.1666,5,5
Catasetum_tabulare,both,0.7143,0.8333,0.119,1.0,1.0,0.0,0.8333,0.9091,0.0758,5,5
Catasticta_prioneris,both,1.0,1.0,0.0,1.0,1.0,0.0,1.0,1.0,0.0,5,5
Cathartes_aura,both,1.0,1.0,0.0,0.8,0.8,0.0,0.8889,0.8889,0.0,5,5
Catharus_fuscater,both,1.0,1.0,0.0,0.8,0.6,-0.2,0.8889,0.75,-0.1389,5,5
Catharus_ustulatus,both,0.8333,1.0,0.1667,0.8333,0.6667,-0.1666,0.8333,0.8,-0.0333,6,6
Cecropia_angustifolia,both,0.6,0.75,0.15,0.6,0.6,0.0,0.6,0.6667,0.0667,5,5
Cecropia_telealba,both,0.5714,0.6667,0.0953,0.8,0.8,0.0,0.6667,0.7273,0.0606,5,5
Centropogon_ferrugineus,both,0.8333,1.0,0.1667,1.0,0.8,-0.2,0.9091,0.8889,-0.0202,5,5
Centropogon_foetidus,both,0.75,1.0,0.25,0.6,0.8,0.2,0.6667,0.8889,0.2222,5,5
Centropogon_leucophyllus,both,1.0,0.8,-0.2,0.8,0.8,0.0,0.8889,0.8,-0.0889,5,5
Cerdocyon_thous,both,1.0,1.0,0.0,1.0,1.0,0.0,1.0,1.0,0.0,5,5
Ceroxylon_quindiuense,both,0.6667,0.8,0.1333,0.8,0.8,0.0,0.7273,0.8,0.0727,5,5
Certhiaxis_cinnamomeus,both,1.0,0.8333,-0.1667,0.8,1.0,0.2,0.8889,0.9091,0.0202,5,5
Chaetocercus_mulsant,both,0.7,0.8333,0.1333,0.5833,0.8333,0.25,0.6364,0.8333,0.1969,12,12
Chaetogastra_gracilis,both,0.8,1.0,0.2,0.8,1.0,0.2,0.8,1.0,0.2,5,5
Chaetogastra_grossa,both,1.0,1.0,0.0,1.0,1.0,0.0,1.0,1.0,0.0,5,5
Chaetogastra_mollis,both,0.6667,1.0,0.3333,0.8,0.6,-0.2,0.7273,0.75,0.0227,5,5
Chalcostigma_herrani,both,0.9231,0.9231,0.0,1.0,1.0,0.0,0.96,0.96,0.0,12,12
Chalybura_buffonii,both,0.8333,0.7143,-0.119,1.0,1.0,0.0,0.9091,0.8333,-0.0758,5,5
Chamaedorea_linearis,both,0.5,0.5,0.0,0.4,0.4,0.0,0.4444,0.4444,0.0,5,5
Chamaedorea_pinnatifrons,both,0.8,0.6,-0.2,0.8,0.6,-0.2,0.8,0.6,-0.2,5,5
Chamaepetes_goudotii,both,1.0,1.0,0.0,0.7857,0.7857,0.0,0.88,0.88,0.0,14,14
Chauna_chavaria,both,1.0,1.0,0.0,1.0,1.0,0.0,1.0,1.0,0.0,5,5
Chironius_monticola,both,0.8333,0.8,-0.0333,1.0,0.8,-0.2,0.9091,0.8,-0.1091,5,5
Chloroceryle_americana,both,0.8333,0.8333,0.0,1.0,1.0,0.0,0.9091,0.9091,0.0,5,5
Chlorophanes_spiza,both,1.0,1.0,0.0,0.8,0.9,0.1,0.8889,0.9474,0.0585,10,10
Chlorornis_riefferii,both,0.8333,1.0,0.1667,1.0,1.0,0.0,0.9091,1.0,0.0909,5,5
Chlorospingus_flavopectus,both,0.8,0.5714,-0.2286,0.8,0.8,0.0,0.8,0.6667,-0.1333,5,5
Chlorostilbon_melanorhynchus,both,0.5,0.6667,0.1667,0.2,0.4,0.2,0.2857,0.5,0.2143,5,5
Chlosyne_lacinia,both,0.8,1.0,0.2,0.8,1.0,0.2,0.8,1.0,0.2,5,5
Choeradodis_rhombicollis,both,1.0,0.75,-0.25,0.4,0.6,0.2,0.5714,0.6667,0.0953,5,5
Chrysomus_icterocephalus,both,1.0,0.7143,-0.2857,1.0,1.0,0.0,1.0,0.8333,-0.1667,5,5
Chrysso_nigriceps,both,1.0,1.0,0.0,1.0,1.0,0.0,1.0,1.0,0.0,5,5
Cinclodes_excelsior,both,0.7143,0.625,-0.0893,1.0,1.0,0.0,0.8333,0.7692,-0.0641,5,5
Cinclus_leucocephalus,both,0.9,1.0,0.1,1.0,1.0,0.0,0.9474,1.0,0.0526,9,9
Cinnycerthia_olivascens,both,1.0,0.8,-0.2,0.6,0.8,0.2,0.75,0.8,0.05,5,5
Cistothorus_platensis,both,0.8,0.8,0.0,0.6667,0.6667,0.0,0.7273,0.7273,0.0,6,6
Clathrus_archeri,both,0.8,0.8,0.0,0.8,0.8,0.0,0.8,0.8,0.0,5,5
Clelia_equatoriana,both,0.7143,0.7143,0.0,1.0,1.0,0.0,0.8333,0.8333,0.0,5,5
Cnemathraupis_eximia,both,1.0,1.0,0.0,1.0,1.0,0.0,1.0,1.0,0.0,5,5
Cnemoscopus_rubrirostris,both,1.0,1.0,0.0,0.6667,0.6667,0.0,0.8,0.8,0.0,6,6
Coeligena_coeligena,both,0.9,1.0,0.1,0.9,1.0,0.1,0.9,1.0,0.1,10,10
Coeligena_lutetiae,both,0.8333,0.8333,0.0,1.0,1.0,0.0,0.9091,0.9091,0.0,15,15
Coeligena_torquata,both,0.8462,0.9167,0.0705,0.7333,0.7333,0.0,0.7857,0.8148,0.0291,15,15
Coeligena_wilsoni,both,0.7143,0.7143,0.0,1.0,1.0,0.0,0.8333,0.8333,0.0,5,5
Coereba_flaveola,both,0.6667,0.3333,-0.3334,0.4,0.2,-0.2,0.5,0.25,-0.25,5,5
Colaptes_punctigula,both,0.8333,1.0,0.1667,1.0,1.0,0.0,0.9091,1.0,0.0909,5,5
Colaptes_rivolii,both,1.0,1.0,0.0,1.0,1.0,0.0,1.0,1.0,0.0,11,11
Colaptes_rubiginosus,both,1.0,1.0,0.0,0.8,0.8,0.0,0.8889,0.8889,0.0,5,5
Colibri_coruscans,both,1.0,1.0,0.0,0.8667,1.0,0.1333,0.9286,1.0,0.0714,15,15
Colibri_cyanotus,both,0.6875,0.8462,0.1587,1.0,1.0,0.0,0.8148,0.9167,0.1019,11,11
Colobura_dirce,both,0.8333,0.7143,-0.119,1.0,1.0,0.0,0.9091,0.8333,-0.0758,5,5
Colonia_colonus,both,1.0,1.0,0.0,0.8,1.0,0.2,0.8889,1.0,0.1111,5,5
Columbina_talpacoti,both,0.8,1.0,0.2,0.8,0.7,-0.1,0.8,0.8235,0.0235,10,10
Columnea_ceticeps,both,1.0,1.0,0.0,1.0,1.0,0.0,1.0,1.0,0.0,5,5
Columnea_fuscihirta,both,0.6667,0.7143,0.0476,0.8,1.0,0.2,0.7273,0.8333,0.106,5,5
Columnea_strigosa,both,0.7143,0.8333,0.119,1.0,1.0,0.0,0.8333,0.9091,0.0758,5,5
Comparettia_falcata,both,0.7143,0.7143,0.0,1.0,1.0,0.0,0.8333,0.8333,0.0,5,5
Conchylodes_bryophilalis,both,1.0,1.0,0.0,1.0,1.0,0.0,1.0,1.0,0.0,5,5
Conirostrum_albifrons,both,0.8,1.0,0.2,0.8,0.8,0.0,0.8,0.8889,0.0889,5,5
Conirostrum_sitticolor,both,1.0,1.0,0.0,0.6,0.8,0.2,0.75,0.8889,0.1389,5,5
Consul_panariste,both,1.0,1.0,0.0,0.8,0.8,0.0,0.8889,0.8889,0.0,5,5
Coprinellus_disseminatus,both,0.7143,0.7143,0.0,1.0,1.0,0.0,0.8333,0.8333,0.0,5,5
Corades_chelonis,both,1.0,1.0,0.0,1.0,1.0,0.0,1.0,1.0,0.0,5,5
Coragyps_atratus,both,0.8571,0.9231,0.066,1.0,1.0,0.0,0.9231,0.96,0.0369,12,12
Cornu_aspersum,both,1.0,1.0,0.0,0.8,0.8,0.0,0.8889,0.8889,0.0,5,5
Crassocephalum_crepidioides,both,1.0,1.0,0.0,1.0,1.0,0.0,1.0,1.0,0.0,5,5
Crocosmia_crocosmiiflora,both,1.0,0.6667,-0.3333,0.8,0.8,0.0,0.8889,0.7273,-0.1616,5,5
Crotophaga_ani,both,0.7778,0.875,0.0972,0.875,0.875,0.0,0.8235,0.875,0.0515,8,8
Crypturellus_soui,both,0.8333,0.8,-0.0333,1.0,0.8,-0.2,0.9091,0.8,-0.1091,5,5
Cupiennius_coccineus,both,0.8,0.6667,-0.1333,0.8,0.8,0.0,0.8,0.7273,-0.0727,5,5
Cyanocorax_affinis,both,0.8,0.8333,0.0333,0.8,1.0,0.2,0.8,0.9091,0.1091,5,5
Cyanocorax_yncas,both,0.7143,0.8333,0.119,1.0,1.0,0.0,0.8333,0.9091,0.0758,5,5
Cyanolyca_armillata,both,0.8,1.0,0.2,0.8,0.8,0.0,0.8,0.8889,0.0889,5,5
Cyanopepla_micans,both,1.0,1.0,0.0,1.0,1.0,0.0,1.0,1.0,0.0,5,5
Cybdelis_mnasylus,both,1.0,1.0,0.0,1.0,1.0,0.0,1.0,1.0,0.0,5,5
Cyclarhis_nigrirostris,both,1.0,0.75,-0.25,0.6,0.6,0.0,0.75,0.6667,-0.0833,5,5
Cyclocephala_lunulata,both,1.0,0.8333,-0.1667,1.0,1.0,0.0,1.0,0.9091,-0.0909,5,5
Cyrtochilum_annulare,both,1.0,1.0,0.0,0.8,0.8,0.0,0.8889,0.8889,0.0,5,5
Cyrtochilum_diceratum,both,1.0,0.8333,-0.1667,1.0,1.0,0.0,1.0,0.9091,-0.0909,5,5
Cyrtochilum_divaricatum,both,0.7143,0.8333,0.119,1.0,1.0,0.0,0.8333,0.9091,0.0758,5,5
Cyrtochilum_halteratum,both,1.0,1.0,0.0,1.0,1.0,0.0,1.0,1.0,0.0,5,5
Cyrtochilum_murinum,both,1.0,0.7143,-0.2857,0.8,1.0,0.2,0.8889,0.8333,-0.0556,5,5
Cyrtochilum_scabiosum,both,1.0,1.0,0.0,1.0,0.8,-0.2,1.0,0.8889,-0.1111,5,5
Cyrtochilum_tricostatum,both,0.6667,0.8,0.1333,0.8,0.8,0.0,0.7273,0.8,0.0727,5,5
Danaus_plexippus,both,1.0,1.0,0.0,0.6,0.6,0.0,0.75,0.75,0.0,5,5
Dasyprocta_punctata,both,0.8333,0.7143,-0.119,1.0,1.0,0.0,0.9091,0.8333,-0.0758,5,5
Dendrobates_truncatus,both,1.0,1.0,0.0,1.0,1.0,0.0,1.0,1.0,0.0,5,5
Dendrocincla_fuliginosa,both,0.5714,0.625,0.0536,0.8,1.0,0.2,0.6667,0.7692,0.1025,5,5
Dendropsophus_columbianus,both,0.7,0.6154,-0.0846,0.7,0.8,0.1,0.7,0.6957,-0.0043,10,10
Diabrotica_decempunctata,both,0.8333,1.0,0.1667,1.0,1.0,0.0,0.9091,1.0,0.0909,5,5
Diaethria_clymena,both,0.8333,1.0,0.1667,1.0,1.0,0.0,0.9091,1.0,0.0909,5,5
Didelphis_marsupialis,both,1.0,0.8333,-0.1667,1.0,1.0,0.0,1.0,0.9091,-0.0909,5,5
Diglossa_albilatera,both,0.875,0.8182,-0.0568,0.7,0.9,0.2,0.7778,0.8571,0.0793,10,10
Diglossa_cyanea,both,0.875,1.0,0.125,0.9333,0.9333,0.0,0.9032,0.9655,0.0623,15,15
Diglossa_humeralis,both,0.75,1.0,0.25,0.6,0.4,-0.2,0.6667,0.5714,-0.0953,5,5
Diglossa_lafresnayii,both,0.6667,0.5,-0.1667,0.8,0.8,0.0,0.7273,0.6154,-0.1119,5,5
Dione_glycera,both,0.8333,0.8333,0.0,1.0,1.0,0.0,0.9091,0.9091,0.0,5,5
Dipsas_sanctijoannis,both,1.0,1.0,0.0,0.6,0.8,0.2,0.75,0.8889,0.1389,5,5
Donacobius_atricapilla,both,0.8333,0.7143,-0.119,1.0,1.0,0.0,0.9091,0.8333,-0.0758,5,5
Doxocopa_cyane,both,1.0,1.0,0.0,0.8,1.0,0.2,0.8889,1.0,0.1111,5,5
Dracula_iricolor,both,0.6667,0.8,0.1333,0.8,0.8,0.0,0.7273,0.8,0.0727,5,5
Dryas_iulia,both,1.0,0.8,-0.2,0.8,0.8,0.0,0.8889,0.8,-0.0889,5,5
Drymonia_lanceolata,both,1.0,1.0,0.0,0.8,0.8,0.0,0.8889,0.8889,0.0,5,5
Dryocopus_lineatus,both,0.8,1.0,0.2,0.8,0.6,-0.2,0.8,0.75,-0.05,5,5
Dubusia_taeniata,both,0.6667,1.0,0.3333,0.8,0.8,0.0,0.7273,0.8889,0.1616,5,5
Egretta_thula,both,0.6667,0.6,-0.0667,0.8,0.6,-0.2,0.7273,0.6,-0.1273,5,5
Eira_barbara,both,1.0,1.0,0.0,0.4,0.6,0.2,0.5714,0.75,0.1786,5,5
Elaenia_flavogaster,both,0.6667,0.5,-0.1667,0.8,0.6,-0.2,0.7273,0.5455,-0.1818,5,5
Elaenia_frantzii,both,0.8333,1.0,0.1667,1.0,1.0,0.0,0.9091,1.0,0.0909,5,5
Elanoides_forficatus,both,0.8,1.0,0.2,0.8,0.8,0.0,0.8,0.8889,0.0889,5,5
Elleanthus_aurantiacus,both,1.0,1.0,0.0,1.0,1.0,0.0,1.0,1.0,0.0,5,5
Elysius_atrata,both,1.0,1.0,0.0,0.8,1.0,0.2,0.8889,1.0,0.1111,5,5
Endrosis_sarcitrella,both,0.7143,0.7143,0.0,1.0,1.0,0.0,0.8333,0.8333,0.0,5,5
Ensifera_ensifera,both,0.9333,0.9333,0.0,0.9333,0.9333,0.0,0.9333,0.9333,0.0,15,15
Epidendrum_cleistocoleum,both,1.0,0.8,-0.2,1.0,0.8,-0.2,1.0,0.8,-0.2,5,5
Epidendrum_cottoniiflorum,both,1.0,0.8,-0.2,1.0,0.8,-0.2,1.0,0.8,-0.2,5,5
Epidendrum_cylindrostachys,both,0.8333,1.0,0.1667,1.0,1.0,0.0,0.9091,1.0,0.0909,5,5
Epidendrum_fimbriatum,both,0.8,0.8182,0.0182,0.8,0.9,0.1,0.8,0.8571,0.0571,10,10
Epidendrum_melinanthum,both,0.75,1.0,0.25,0.6,0.6,0.0,0.6667,0.75,0.0833,5,5
Epidendrum_porphyreum,both,0.8333,1.0,0.1667,1.0,1.0,0.0,0.9091,1.0,0.0909,5,5
Epidendrum_posadarum,both,1.0,0.8333,-0.1667,1.0,1.0,0.0,1.0,0.9091,-0.0909,5,5
Epiphile_chrysites,both,1.0,1.0,0.0,1.0,1.0,0.0,1.0,1.0,0.0,5,5
Epiphile_epimenes,both,1.0,1.0,0.0,0.8,0.8,0.0,0.8889,0.8889,0.0,5,5
Equisetum_bogotense,both,1.0,0.8,-0.2,0.8,0.8,0.0,0.8889,0.8,-0.0889,5,5
Erato_vulcanica,both,1.0,1.0,0.0,0.6,0.8,0.2,0.75,0.8889,0.1389,5,5
Eresia_clio,both,1.0,1.0,0.0,1.0,1.0,0.0,1.0,1.0,0.0,5,5
Erinnyis_ello,both,0.8,1.0,0.2,0.8,1.0,0.2,0.8,1.0,0.2,5,5
Eriocnemis_derbyi,both,0.75,1.0,0.25,0.6,0.4,-0.2,0.6667,0.5714,-0.0953,5,5
Eriocnemis_mosquera,both,0.875,0.7273,-0.1477,0.875,1.0,0.125,0.875,0.8421,-0.0329,8,8
Eriophora_edax,both,1.0,1.0,0.0,1.0,1.0,0.0,1.0,1.0,0.0,5,5
Eryphanis_lycomedon,both,1.0,1.0,0.0,0.8,0.8,0.0,0.8889,0.8889,0.0,5,5
Erythrolamprus_bizona,both,1.0,0.8,-0.2,0.8,0.8,0.0,0.8889,0.8,-0.0889,5,5
Erythrolamprus_epinephalus,both,0.5,0.6667,0.1667,0.4,0.4,0.0,0.4444,0.5,0.0556,5,5
Erythrolamprus_epinephelus,both,1.0,1.0,0.0,0.6,0.6,0.0,0.75,0.75,0.0,5,5
Espadarana_prosoblepon,both,0.8,0.8,0.0,0.8,0.8,0.0,0.8,0.8,0.0,5,5
Espeletia_hartwegiana,both,0.8333,1.0,0.1667,1.0,1.0,0.0,0.9091,1.0,0.0909,5,5
Eubucco_bourcierii,both,0.8333,1.0,0.1667,1.0,1.0,0.0,0.9091,1.0,0.0909,5,5
Eudocima_procus,both,0.8,0.8,0.0,0.8,0.8,0.0,0.8,0.8,0.0,5,5
Eueides_procula,both,1.0,1.0,0.0,1.0,1.0,0.0,1.0,1.0,0.0,5,5
Eulaema_cingulata,both,0.8,0.8,0.0,0.8,0.8,0.0,0.8,0.8,0.0,5,5
Eulaema_meriana,both,1.0,1.0,0.0,0.8,0.8,0.0,0.8889,0.8889,0.0,5,5
Eulaema_polychroma,both,0.8,1.0,0.2,0.8,0.8,0.0,0.8,0.8889,0.0889,5,5
Euphonia_cyanocephala,both,0.8333,0.8333,0.0,1.0,1.0,0.0,0.9091,0.9091,0.0,5,5
Euphonia_laniirostris,both,0.6429,0.8182,0.1753,0.8182,0.8182,0.0,0.72,0.8182,0.0982,11,11
Euphonia_xanthogaster,both,1.0,0.8333,-0.1667,1.0,1.0,0.0,1.0,0.9091,-0.0909,5,5
Euphorbia_hirta,both,1.0,1.0,0.0,0.6,0.6,0.0,0.75,0.75,0.0,5,5
Euptychoides_saturnus,both,0.8333,0.8333,0.0,1.0,1.0,0.0,0.9091,0.9091,0.0,5,5
Euryglottis_aper,both,1.0,1.0,0.0,1.0,1.0,0.0,1.0,1.0,0.0,5,5
Falco_sparverius,both,1.0,1.0,0.0,0.6,0.6,0.0,0.75,0.75,0.0,5,5
Florisuga_mellivora,both,0.875,1.0,0.125,1.0,1.0,0.0,0.9333,1.0,0.0667,7,7
Fluvicola_pica,both,1.0,0.8,-0.2,0.8,0.8,0.0,0.8889,0.8,-0.0889,5,5
Forpus_conspicillatus,both,1.0,1.0,0.0,1.0,0.8889,-0.1111,1.0,0.9412,-0.0588,9,9
Fuchsia_boliviana,both,0.7143,1.0,0.2857,1.0,1.0,0.0,0.8333,1.0,0.1667,5,5
Fuchsia_nigricans,both,0.6667,0.5,-0.1667,0.8,0.8,0.0,0.7273,0.6154,-0.1119,5,5
Fuchsia_petiolaris,both,1.0,0.5,-0.5,0.6,0.4,-0.2,0.75,0.4444,-0.3056,5,5
Gaiadendron_punctatum,both,1.0,0.6667,-0.3333,0.2,0.4,0.2,0.3333,0.5,0.1667,5,5
Galium_hypocarpium,both,0.8,0.8,0.0,0.8,0.8,0.0,0.8,0.8,0.0,5,5
Gallinula_chloropus,both,1.0,1.0,0.0,0.8,1.0,0.2,0.8889,1.0,0.1111,5,5
Gasteracantha_cancriformis,both,1.0,0.7143,-0.2857,1.0,1.0,0.0,1.0,0.8333,-0.1667,5,5
Gaultheria_myrsinoides,both,0.7143,0.8333,0.119,1.0,1.0,0.0,0.8333,0.9091,0.0758,5,5
Gentiana_sedifolia,both,0.8,0.8,0.0,0.8,0.8,0.0,0.8,0.8,0.0,5,5
Geonoma_undata,both,0.8,0.7143,-0.0857,0.8,1.0,0.2,0.8,0.8333,0.0333,5,5
Geospizopsis_unicolor,both,0.8333,0.8333,0.0,1.0,1.0,0.0,0.9091,0.9091,0.0,5,5
Geranoaetus_melanoleucus,both,1.0,0.6667,-0.3333,0.4,0.4,0.0,0.5714,0.5,-0.0714,5,5
Glossoloma_schultzei,both,1.0,1.0,0.0,0.8,0.8,0.0,0.8889,0.8889,0.0,5,5
Golofa_eacus,both,0.6667,0.7143,0.0476,0.8,1.0,0.2,0.7273,0.8333,0.106,5,5
Golofa_porteri,both,0.875,1.0,0.125,0.7778,0.7778,0.0,0.8235,0.875,0.0515,9,9
Gonatodes_albogularis,both,0.3333,0.6667,0.3334,0.2,0.4,0.2,0.25,0.5,0.25,5,5
Gonora_hyelosioides,both,1.0,1.0,0.0,1.0,1.0,0.0,1.0,1.0,0.0,5,5
Grallaria_alvarezi,both,1.0,1.0,0.0,1.0,1.0,0.0,1.0,1.0,0.0,6,6
Grallaria_milleri,both,0.9412,0.9412,0.0,1.0,1.0,0.0,0.9697,0.9697,0.0,16,16
Grallaria_nuchalis,both,1.0,1.0,0.0,1.0,1.0,0.0,1.0,1.0,0.0,8,8
Grallaria_quitensis,both,1.0,1.0,0.0,1.0,1.0,0.0,1.0,1.0,0.0,7,7
Grallaria_ruficapilla,both,1.0,1.0,0.0,1.0,1.0,0.0,1.0,1.0,0.0,15,15
Grallaria_rufocinerea,both,1.0,1.0,0.0,1.0,1.0,0.0,1.0,1.0,0.0,14,14
Grallaria_saturata,both,1.0,1.0,0.0,1.0,1.0,0.0,1.0,1.0,0.0,15,15
Grallaricula_lineifrons,both,1.0,1.0,0.0,1.0,1.0,0.0,1.0,1.0,0.0,15,15
Grallaricula_nana,both,0.8571,1.0,0.1429,1.0,1.0,0.0,0.9231,1.0,0.0769,12,12
Graphita_griphe,both,1.0,1.0,0.0,0.6,0.6,0.0,0.75,0.75,0.0,5,5
Guzmania_multiflora,both,0.5556,0.7143,0.1587,1.0,1.0,0.0,0.7143,0.8333,0.119,5,5
Guzmania_triangularis,both,0.6667,1.0,0.3333,0.4,0.4,0.0,0.5,0.5714,0.0714,5,5
Gymnetis_pantherina,both,1.0,1.0,0.0,0.8,0.8,0.0,0.8889,0.8889,0.0,5,5
Hafferia_immaculata,both,1.0,1.0,0.0,1.0,1.0,0.0,1.0,1.0,0.0,5,5
Halictus_ligatus,both,0.6667,0.7143,0.0476,0.8,1.0,0.2,0.7273,0.8333,0.106,5,5
Hapalopsittaca_amazonina,both,1.0,1.0,0.0,0.8,0.8,0.0,0.8889,0.8889,0.0,5,5
Harmonia_axyridis,both,0.7143,0.8333,0.119,1.0,1.0,0.0,0.8333,0.9091,0.0758,5,5
Hedychium_coronarium,both,0.8333,1.0,0.1667,1.0,1.0,0.0,0.9091,1.0,0.0909,5,5
Heliangelus_exortis,both,0.7778,0.7368,-0.041,0.9333,0.9333,0.0,0.8485,0.8235,-0.025,15,15
Heliconia_bihai,both,1.0,1.0,0.0,1.0,1.0,0.0,1.0,1.0,0.0,5,5
Heliconia_burleana,both,0.6667,1.0,0.3333,0.8,0.8,0.0,0.7273,0.8889,0.1616,5,5
Heliconia_griggsiana,both,0.8,0.8,0.0,0.8,0.8,0.0,0.8,0.8,0.0,5,5
Heliconia_latispatha,both,1.0,0.7143,-0.2857,0.8,1.0,0.2,0.8889,0.8333,-0.0556,5,5
Heliconius_charithonia,both,1.0,1.0,0.0,1.0,1.0,0.0,1.0,1.0,0.0,5,5
Heliconius_clysonymus,both,1.0,1.0,0.0,1.0,1.0,0.0,1.0,1.0,0.0,5,5
Heliconius_cydno,both,1.0,0.75,-0.25,1.0,1.0,0.0,1.0,0.8571,-0.1429,6,6
Heliconius_doris,both,1.0,1.0,0.0,0.8,0.8,0.0,0.8889,0.8889,0.0,5,5
Heliconius_eleuchia,both,1.0,1.0,0.0,0.8,0.4,-0.4,0.8889,0.5714,-0.3175,5,5
Heliconius_erato,both,1.0,1.0,0.0,0.8571,0.8571,0.0,0.9231,0.9231,0.0,7,7
Heliodoxa_imperatrix,both,1.0,1.0,0.0,0.8,0.6,-0.2,0.8889,0.75,-0.1389,5,5
Heliodoxa_rubinoides,both,1.0,1.0,0.0,0.9167,1.0,0.0833,0.9565,1.0,0.0435,12,12
Heliomaster_longirostris,both,1.0,1.0,0.0,0.4,0.8,0.4,0.5714,0.8889,0.3175,5,5
Hellmayrea_gularis,both,0.875,0.875,0.0,1.0,1.0,0.0,0.9333,0.9333,0.0,7,7
Hemidactylus_frenatus,both,0.8,0.8,0.0,0.8,0.8,0.0,0.8,0.8,0.0,5,5
Hemithraupis_guira,both,1.0,0.8333,-0.1667,1.0,1.0,0.0,1.0,0.9091,-0.0909,5,5
Hermeuptychia_harmonia,both,1.0,1.0,0.0,1.0,1.0,0.0,1.0,1.0,0.0,5,5
Herpetotheres_cachinnans,both,0.7143,0.7143,0.0,1.0,1.0,0.0,0.8333,0.8333,0.0,5,5
Herpothallon_rubrocinctum,both,0.8333,1.0,0.1667,1.0,1.0,0.0,0.9091,1.0,0.0909,5,5
Heterogomphus_mniszechi,both,0.7143,0.8333,0.119,1.0,1.0,0.0,0.8333,0.9091,0.0758,5,5
Heterogomphus_schoenherri,both,1.0,1.0,0.0,0.8571,1.0,0.1429,0.9231,1.0,0.0769,7,7
Hylophilus_semibrunneus,both,1.0,1.0,0.0,0.6,0.8,0.2,0.75,0.8889,0.1389,5,5
Hypanartia_kefersteini,both,1.0,1.0,0.0,1.0,1.0,0.0,1.0,1.0,0.0,5,5
Hypanartia_lethe,both,1.0,1.0,0.0,0.8,0.8,0.0,0.8889,0.8889,0.0,5,5
Hypopyrrhus_pyrohypogaster,both,0.8333,1.0,0.1667,1.0,1.0,0.0,0.9091,1.0,0.0909,5,5
Icterus_chrysater,both,0.8571,1.0,0.1429,0.75,1.0,0.25,0.8,1.0,0.2,8,8
Icterus_nigrogularis,both,1.0,1.0,0.0,0.8,0.8,0.0,0.8889,0.8889,0.0,5,5
Iguana_iguana,both,0.8571,0.8571,0.0,0.75,0.75,0.0,0.8,0.8,0.0,8,8
Imantodes_cenchoa,both,0.8,1.0,0.2,0.8,0.6,-0.2,0.8,0.75,-0.05,5,5
Impatiens_walleriana,both,0.6667,1.0,0.3333,0.4,0.4,0.0,0.5,0.5714,0.0714,5,5
Ipomoea_batatas,both,0.6667,1.0,0.3333,0.4,0.4,0.0,0.5,0.5714,0.0714,5,5
Ipomoea_indica,both,0.75,0.75,0.0,0.6,0.6,0.0,0.6667,0.6667,0.0,5,5
Ipomoea_purpurea,both,0.8333,1.0,0.1667,1.0,1.0,0.0,0.9091,1.0,0.0909,5,5
Iridosornis_porphyrocephalus,both,1.0,1.0,0.0,1.0,1.0,0.0,1.0,1.0,0.0,5,5
Iridosornis_rufivertex,both,0.8333,0.8333,0.0,1.0,1.0,0.0,0.9091,0.9091,0.0,5,5
Ithomia_iphianassa,both,1.0,1.0,0.0,1.0,1.0,0.0,1.0,1.0,0.0,5,5
Jacana_jacana,both,0.8,1.0,0.2,0.8,0.8,0.0,0.8,0.8889,0.0889,5,5
Janatella_fellula,both,1.0,1.0,0.0,1.0,1.0,0.0,1.0,1.0,0.0,5,5
Juglans_neotropica,both,0.6667,1.0,0.3333,0.4,0.4,0.0,0.5,0.5714,0.0714,5,5
Junonia_evarete,both,1.0,1.0,0.0,1.0,1.0,0.0,1.0,1.0,0.0,5,5
Kinosternon_leucostomum,both,0.8333,0.8333,0.0,1.0,1.0,0.0,0.9091,0.9091,0.0,5,5
Kleinothraupis_atropileus,both,1.0,1.0,0.0,0.5,0.8333,0.3333,0.6667,0.9091,0.2424,6,6
Kohleria_affinis,both,1.0,1.0,0.0,0.75,0.875,0.125,0.8571,0.9333,0.0762,8,8
Kohleria_inaequalis,both,0.8333,0.8333,0.0,1.0,1.0,0.0,0.9091,0.9091,0.0,5,5
Kohleria_spicata,both,0.8,0.6667,-0.1333,0.8,0.8,0.0,0.8,0.7273,-0.0727,5,5
Kohleria_warszewiczii,both,0.8333,0.8333,0.0,1.0,1.0,0.0,0.9091,0.9091,0.0,5,5
Kukulcania_hibernalis,both,0.7143,1.0,0.2857,1.0,1.0,0.0,0.8333,1.0,0.1667,5,5
Lafresnaya_lafresnayi,both,0.9,1.0,0.1,0.9,1.0,0.1,0.9,1.0,0.1,10,10
Langucys_nigropuncta,both,1.0,1.0,0.0,1.0,1.0,0.0,1.0,1.0,0.0,5,5
Lasiophila_prosymna,both,1.0,1.0,0.0,0.7143,0.8571,0.1428,0.8333,0.9231,0.0898,7,7
Lentinus_flexipes,both,0.7143,0.8333,0.119,1.0,1.0,0.0,0.8333,0.9091,0.0758,5,5
Lepanthes_dunstervilleorum,both,0.5,1.0,0.5,0.6,0.8,0.2,0.5455,0.8889,0.3434,5,5
Lepanthes_gargantua,both,0.7143,0.8333,0.119,1.0,1.0,0.0,0.8333,0.9091,0.0758,5,5
Lepanthes_jardinensis,both,0.8333,1.0,0.1667,1.0,0.8,-0.2,0.9091,0.8889,-0.0202,5,5
Lepanthes_mucronata,both,0.8,1.0,0.2,0.8,0.8,0.0,0.8,0.8889,0.0889,5,5
Lepanthes_tachirensis,both,1.0,0.8333,-0.1667,1.0,1.0,0.0,1.0,0.9091,-0.0909,5,5
Lepidocolaptes_lacrymiger,both,0.6364,0.7273,0.0909,0.7778,0.8889,0.1111,0.7,0.8,0.1,9,9
Lepidocolaptes_souleyetii,both,0.5,1.0,0.5,0.8,0.6,-0.2,0.6154,0.75,0.1346,5,5
Leptodeira_ornata,both,0.4286,0.4444,0.0158,0.6,0.8,0.2,0.5,0.5714,0.0714,5,5
Leptophobia_aripa,both,0.6667,0.625,-0.0417,0.8,1.0,0.2,0.7273,0.7692,0.0419,5,5
Leptopogon_rufipectus,both,0.8333,1.0,0.1667,1.0,1.0,0.0,0.9091,1.0,0.0909,5,5
Leptosittaca_branickii,both,1.0,0.6,-0.4,0.8333,0.5,-0.3333,0.9091,0.5455,-0.3636,6,6
Leptotila_plumbeiceps,both,0.6667,1.0,0.3333,0.8,1.0,0.2,0.7273,1.0,0.2727,5,5
Leuconotopicus_fumigatus,both,0.6667,0.625,-0.0417,0.8,1.0,0.2,0.7273,0.7692,0.0419,5,5
Leucopternis_princeps,both,0.8,0.6667,-0.1333,0.8,0.8,0.0,0.8,0.7273,-0.0727,5,5
Leuenbergeria_bleo,both,0.6667,0.6667,0.0,0.8,0.8,0.0,0.7273,0.7273,0.0,5,5
Linothele_sericata,both,1.0,1.0,0.0,0.8,0.8,0.0,0.8889,0.8889,0.0,5,5
Lipaugus_fuscocinereus,both,1.0,1.0,0.0,1.0,1.0,0.0,1.0,1.0,0.0,5,5
Lissachatina_fulica,both,1.0,1.0,0.0,1.0,1.0,0.0,1.0,1.0,0.0,5,5
Lycomedes_hirtipes,both,1.0,1.0,0.0,0.8,0.8,0.0,0.8889,0.8889,0.0,5,5
Lycorea_cleobaea,both,1.0,0.8333,-0.1667,1.0,1.0,0.0,1.0,0.9091,-0.0909,5,5
Macara_alydda,both,1.0,1.0,0.0,0.8,0.8,0.0,0.8889,0.8889,0.0,5,5
Machaeropterus_deliciosus,both,1.0,0.75,-0.25,0.6,0.6,0.0,0.75,0.6667,-0.0833,5,5
Machaeropterus_striolatus,both,0.75,0.75,0.0,0.6,0.6,0.0,0.6667,0.6667,0.0,5,5
Machetornis_rixosa,both,1.0,0.5,-0.5,0.5,0.3333,-0.1667,0.6667,0.4,-0.2667,6,6
Magnolia_yarumalensis,both,0.8,0.8,0.0,0.8,0.8,0.0,0.8,0.8,0.0,5,5
Malacoptila_mystacalis,both,1.0,0.9,-0.1,1.0,1.0,0.0,1.0,0.9474,-0.0526,9,9
Malaveria_rodriguezi,both,1.0,1.0,0.0,1.0,1.0,0.0,1.0,1.0,0.0,5,5
Manacus_manacus,both,1.0,1.0,0.0,0.8,0.8,0.0,0.8889,0.8889,0.0,5,5
Manacus_vitellinus,both,0.875,0.7778,-0.0972,1.0,1.0,0.0,0.9333,0.875,-0.0583,7,7
Manduca_rustica,both,1.0,1.0,0.0,1.0,1.0,0.0,1.0,1.0,0.0,5,5
Margarornis_squamiger,both,0.6667,0.6,-0.0667,0.75,0.75,0.0,0.7059,0.6667,-0.0392,8,8
Markia_hystrix,both,1.0,1.0,0.0,1.0,1.0,0.0,1.0,1.0,0.0,5,5
Marpesia_berania,both,1.0,1.0,0.0,1.0,1.0,0.0,1.0,1.0,0.0,5,5
Marpesia_corinna,both,0.8333,1.0,0.1667,1.0,1.0,0.0,0.9091,1.0,0.0909,5,5
Maruca_vitrata,both,0.8333,1.0,0.1667,1.0,1.0,0.0,0.9091,1.0,0.0909,5,5
Masdevallia_amanda,both,0.8333,1.0,0.1667,1.0,1.0,0.0,0.9091,1.0,0.0909,5,5
Masdevallia_heteroptera,both,1.0,1.0,0.0,1.0,1.0,0.0,1.0,1.0,0.0,5,5
Masdevallia_hortensis,both,1.0,1.0,0.0,1.0,1.0,0.0,1.0,1.0,0.0,5,5
Masdevallia_picturata,both,1.0,0.8,-0.2,0.8,0.8,0.0,0.8889,0.8,-0.0889,5,5
Maxillaria_acuminata,both,1.0,1.0,0.0,0.6,0.6,0.0,0.75,0.75,0.0,5,5
Maxillaria_embreei,both,0.7143,0.7143,0.0,1.0,1.0,0.0,0.8333,0.8333,0.0,5,5
Maxillaria_lepidota,both,0.8333,0.8333,0.0,1.0,1.0,0.0,0.9091,0.9091,0.0,5,5
Mechanitis_polymnia,both,1.0,1.0,0.0,1.0,1.0,0.0,1.0,1.0,0.0,5,5
Mecocerculus_leucophrys,both,0.4,1.0,0.6,0.4,0.8,0.4,0.4,0.8889,0.4889,5,5
Mecocerculus_stictopterus,both,0.5,0.8333,0.3333,1.0,1.0,0.0,0.6667,0.9091,0.2424,5,5
Megaceryle_torquata,both,1.0,1.0,0.0,0.6,0.8,0.2,0.75,0.8889,0.1389,5,5
Megascops_choliba,both,1.0,1.0,0.0,0.8,0.6,-0.2,0.8889,0.75,-0.1389,5,5
Megaskepasma_erythrochlamys,both,0.8,1.0,0.2,0.8,0.6,-0.2,0.8,0.75,-0.05,5,5
Melanchroia_chephise,both,1.0,0.8,-0.2,0.8,0.8,0.0,0.8889,0.8,-0.0889,5,5
Melanerpes_formicivorus,both,0.9167,0.8462,-0.0705,0.9167,0.9167,0.0,0.9167,0.88,-0.0367,12,12
Melanerpes_pulcher,both,0.6667,0.8,0.1333,0.8,0.8,0.0,0.7273,0.8,0.0727,5,5
Melanerpes_rubricapillus,both,0.8333,0.9091,0.0758,1.0,1.0,0.0,0.9091,0.9524,0.0433,10,10
Melanis_pixe,both,1.0,1.0,0.0,1.0,1.0,0.0,1.0,1.0,0.0,5,5
Melipona_nigrescens,both,1.0,1.0,0.0,1.0,1.0,0.0,1.0,1.0,0.0,5,5
Memphis_lyceus,both,1.0,1.0,0.0,1.0,1.0,0.0,1.0,1.0,0.0,5,5
Menemerus_bivittatus,both,1.0,1.0,0.0,1.0,1.0,0.0,1.0,1.0,0.0,6,6
Merganetta_armata,both,0.8333,1.0,0.1667,1.0,1.0,0.0,0.9091,1.0,0.0909,5,5
Mesothen_nomia,both,0.8333,1.0,0.1667,1.0,1.0,0.0,0.9091,1.0,0.0909,5,5
Metallura_tyrianthina,both,0.7778,0.75,-0.0278,0.7778,0.6667,-0.1111,0.7778,0.7059,-0.0719,9,9
Metallura_williami,both,0.8,1.0,0.2,0.8,0.8,0.0,0.8,0.8889,0.0889,5,5
Miconia_aeruginosa,both,0.8333,1.0,0.1667,1.0,1.0,0.0,0.9091,1.0,0.0909,5,5
Miconia_asperrima,both,0.8333,0.7143,-0.119,1.0,1.0,0.0,0.9091,0.8333,-0.0758,5,5
Miconia_salicifolia,both,0.8333,1.0,0.1667,1.0,1.0,0.0,0.9091,1.0,0.0909,5,5
Miconia_trichocalyx,both,0.8333,1.0,0.1667,1.0,1.0,0.0,0.9091,1.0,0.0909,5,5
Micrathena_lucasi,both,1.0,1.0,0.0,1.0,1.0,0.0,1.0,1.0,0.0,5,5
Micrurus_mipartitus,both,1.0,1.0,0.0,0.4,0.6,0.2,0.5714,0.75,0.1786,5,5
Mimoniades_nurscia,both,1.0,0.7143,-0.2857,1.0,1.0,0.0,1.0,0.8333,-0.1667,5,5
Mimus_gilvus,both,1.0,1.0,0.0,0.6,0.6,0.0,0.75,0.75,0.0,5,5
Mionectes_oleagineus,both,0.8,0.6667,-0.1333,0.8,0.8,0.0,0.8,0.7273,-0.0727,5,5
Mniotilta_varia,both,0.8333,1.0,0.1667,1.0,1.0,0.0,0.9091,1.0,0.0909,5,5
Molothrus_bonariensis,both,0.6,0.7273,0.1273,0.6,0.8,0.2,0.6,0.7619,0.1619,10,10
Momordica_charantia,both,1.0,1.0,0.0,0.8,0.8,0.0,0.8889,0.8889,0.0,5,5
Momotus_aequatorialis,both,0.9286,0.8667,-0.0619,0.8667,0.8667,0.0,0.8966,0.8667,-0.0299,15,15
Monochaetum_multiflorum,both,1.0,0.8333,-0.1667,0.8,1.0,0.2,0.8889,0.9091,0.0202,5,5
Morella_pubescens,both,1.0,1.0,0.0,0.6,0.6,0.0,0.75,0.75,0.0,5,5
Morpho_sulkowskyi,both,1.0,1.0,0.0,1.0,1.0,0.0,1.0,1.0,0.0,5,5
Muntingia_calabura,both,0.5714,0.6667,0.0953,0.8,0.8,0.0,0.6667,0.7273,0.0606,5,5
Musa_velutina,both,1.0,1.0,0.0,0.8,0.8,0.0,0.8889,0.8889,0.0,5,5
Mutisia_clematis,both,0.8,1.0,0.2,0.8,0.8,0.0,0.8,0.8889,0.0889,5,5
Myadestes_ralloides,both,0.75,0.75,0.0,0.6,0.6,0.0,0.6667,0.6667,0.0,5,5
Myiarchus_cephalotes,both,1.0,0.8,-0.2,0.8,0.8,0.0,0.8889,0.8,-0.0889,5,5
Myioborus_miniatus,both,0.6667,0.6667,0.0,0.75,0.75,0.0,0.7059,0.7059,0.0,8,8
Myioborus_ornatus,both,0.9286,0.8667,-0.0619,0.8667,0.8667,0.0,0.8966,0.8667,-0.0299,15,15
Myiodynastes_hemichrysus,both,0.8,1.0,0.2,0.8,0.8,0.0,0.8,0.8889,0.0889,5,5
Myiodynastes_maculatus,both,1.0,1.0,0.0,0.4,0.6,0.2,0.5714,0.75,0.1786,5,5
Myiotheretes_striaticollis,both,0.625,0.8333,0.2083,1.0,1.0,0.0,0.7692,0.9091,0.1399,5,5
Myiothlypis_coronata,both,1.0,0.8,-0.2,0.6,0.8,0.2,0.75,0.8,0.05,5,5
Myiothlypis_fulvicauda,both,0.8333,1.0,0.1667,1.0,1.0,0.0,0.9091,1.0,0.0909,5,5
Myiothlypis_nigrocristata,both,0.6667,1.0,0.3333,0.8,0.8,0.0,0.7273,0.8889,0.1616,5,5
Myiozetetes_cayanensis,both,1.0,1.0,0.0,0.1429,0.1429,0.0,0.25,0.25,0.0,7,7
Mythimna_unipuncta,both,1.0,1.0,0.0,1.0,1.0,0.0,1.0,1.0,0.0,5,5
Nasua_olivacea,both,1.0,1.0,0.0,0.6,0.6,0.0,0.75,0.75,0.0,5,5
Necyria_bellona,both,1.0,1.0,0.0,1.0,1.0,0.0,1.0,1.0,0.0,5,5
Nertera_granadensis,both,1.0,0.8,-0.2,0.6,0.8,0.2,0.75,0.8,0.05,5,5
Notiochelidon_cyanoleuca,both,0.75,0.75,0.0,0.75,0.75,0.0,0.75,0.75,0.0,8,8
Notiochelidon_murina,both,0.5556,0.7778,0.2222,0.7143,1.0,0.2857,0.625,0.875,0.25,7,7
Nyctibius_griseus,both,1.0,1.0,0.0,1.0,1.0,0.0,1.0,1.0,0.0,5,5
Nycticorax_nycticorax,both,0.6667,1.0,0.3333,0.4,0.4,0.0,0.5,0.5714,0.0714,5,5
Nymphargus_grandisonae,both,1.0,1.0,0.0,1.0,0.8,-0.2,1.0,0.8889,-0.1111,5,5
Ochthoeca_cinnamomeiventris,both,1.0,1.0,0.0,1.0,1.0,0.0,1.0,1.0,0.0,5,5
Ochthoeca_diadema,both,0.9167,1.0,0.0833,0.9167,0.8333,-0.0834,0.9167,0.9091,-0.0076,12,12
Ochthoeca_frontalis,both,1.0,1.0,0.0,1.0,1.0,0.0,1.0,1.0,0.0,5,5
Ochthoeca_fumicolor,both,0.8333,1.0,0.1667,1.0,1.0,0.0,0.9091,1.0,0.0909,5,5
Ochthoeca_rufipectoralis,both,1.0,1.0,0.0,0.8,0.8,0.0,0.8889,0.8889,0.0,5,5
Ocreatus_underwoodii,both,1.0,1.0,0.0,0.6,0.6,0.0,0.75,0.75,0.0,5,5
Odontomachus_erythrocephalus,both,0.7143,0.8333,0.119,1.0,1.0,0.0,0.8333,0.9091,0.0758,5,5
Ognorhynchus_icterotis,both,0.7143,0.7143,0.0,1.0,1.0,0.0,0.8333,0.8333,0.0,5,5
Oncidium_cultratum,both,0.8333,1.0,0.1667,1.0,1.0,0.0,0.9091,1.0,0.0909,5,5
Oncidium_lehmannii,both,1.0,1.0,0.0,1.0,1.0,0.0,1.0,1.0,0.0,5,5
Oncidium_luteopurpureum,both,1.0,0.8,-0.2,0.8,0.8,0.0,0.8889,0.8,-0.0889,5,5
Oncidium_ornithorhynchum,both,0.75,1.0,0.25,0.8571,0.8571,0.0,0.8,0.9231,0.1231,7,7
Opaon_varicolor,both,1.0,1.0,0.0,0.6,0.6,0.0,0.75,0.75,0.0,5,5
Opsiphanes_quiteria,both,1.0,1.0,0.0,0.8,0.8,0.0,0.8889,0.8889,0.0,5,5
Oressinoma_typhla,both,0.8333,1.0,0.1667,1.0,1.0,0.0,0.9091,1.0,0.0909,5,5
Ortalis_columbiana,both,1.0,0.7143,-0.2857,0.6667,0.8333,0.1666,0.8,0.7692,-0.0308,6,6
Orthrosanthus_chimboracensis,both,0.75,0.75,0.0,0.6,0.6,0.0,0.6667,0.6667,0.0,5,5
Oxypogon_stuebelii,both,1.0,0.7778,-0.2222,1.0,1.0,0.0,1.0,0.875,-0.125,7,7
Oxyrhopus_petolarius,both,0.4444,0.5714,0.127,0.8,0.8,0.0,0.5714,0.6667,0.0953,5,5
Oxysternon_conspicillatum,both,1.0,1.0,0.0,1.0,1.0,0.0,1.0,1.0,0.0,5,5
Pachyramphus_polychopterus,both,0.75,0.8,0.05,0.6,0.8,0.2,0.6667,0.8,0.1333,5,5
Pachystachys_lutea,both,1.0,1.0,0.0,1.0,1.0,0.0,1.0,1.0,0.0,5,5
Palicourea_angustifolia,both,0.6,1.0,0.4,0.6,0.6,0.0,0.6,0.75,0.15,5,5
Palicourea_colorata,both,1.0,1.0,0.0,0.8,1.0,0.2,0.8889,1.0,0.1111,5,5
Pandion_haliaetus,both,0.6667,1.0,0.3333,0.4,0.6,0.2,0.5,0.75,0.25,5,5
Pantherodes_pardalaria,both,0.8333,0.8333,0.0,1.0,1.0,0.0,0.9091,0.9091,0.0,5,5
Papilio_polyxenes,both,0.5,0.6667,0.1667,0.2,0.4,0.2,0.2857,0.5,0.2143,5,5
Paramastax_poecilosoma,both,0.75,0.8,0.05,0.6,0.8,0.2,0.6667,0.8,0.1333,5,5
Paramastax_rosenbergi,both,0.625,0.7143,0.0893,1.0,1.0,0.0,0.7692,0.8333,0.0641,5,5
Parataygetis_lineata,both,1.0,1.0,0.0,1.0,1.0,0.0,1.0,1.0,0.0,5,5
Pareuptychia_hesione,both,1.0,1.0,0.0,0.6,0.6,0.0,0.75,0.75,0.0,5,5
Pareuptychia_metaleuca,both,0.8333,0.8333,0.0,1.0,1.0,0.0,0.9091,0.9091,0.0,5,5
Parides_erithalion,both,0.6667,0.8,0.1333,0.8,0.8,0.0,0.7273,0.8,0.0727,5,5
Passiflora_adenopoda,both,1.0,0.7143,-0.2857,1.0,1.0,0.0,1.0,0.8333,-0.1667,5,5
Passiflora_alata,both,1.0,1.0,0.0,0.4,0.4,0.0,0.5714,0.5714,0.0,5,5
Passiflora_alnifolia,both,1.0,1.0,0.0,0.6,0.6,0.0,0.75,0.75,0.0,5,5
Passiflora_antioquiensis,both,0.8,0.6,-0.2,0.8,0.6,-0.2,0.8,0.6,-0.2,5,5
Passiflora_apoda,both,0.5556,0.7143,0.1587,1.0,1.0,0.0,0.7143,0.8333,0.119,5,5
Passiflora_capsularis,both,0.4286,0.5,0.0714,0.6,0.4,-0.2,0.5,0.4444,-0.0556,5,5
Passiflora_cisnana,both,0.5,0.6,0.1,0.6,0.6,0.0,0.5455,0.6,0.0545,5,5
Passiflora_coriacea,both,0.8,0.6,-0.2,0.8,0.6,-0.2,0.8,0.6,-0.2,5,5
Passiflora_cumbalensis,both,0.8333,0.8,-0.0333,1.0,0.8,-0.2,0.9091,0.8,-0.1091,5,5
Passiflora_cuspidifolia,both,1.0,1.0,0.0,0.8,0.8,0.0,0.8889,0.8889,0.0,5,5
Passiflora_maliformis,both,1.0,0.75,-0.25,0.6,0.6,0.0,0.75,0.6667,-0.0833,5,5
Passiflora_mixta,both,0.6667,0.6667,0.0,0.8,0.8,0.0,0.7273,0.7273,0.0,5,5
Passiflora_suberosa,both,0.4,0.3333,-0.0667,0.4,0.4,0.0,0.4,0.3636,-0.0364,5,5
Passiflora_tribolophylla,both,1.0,0.8,-0.2,0.6,0.8,0.2,0.75,0.8,0.05,5,5
Passiflora_vitifolia,both,0.5714,0.5714,0.0,0.8,0.8,0.0,0.6667,0.6667,0.0,5,5
Patagioenas_cayennensis,both,0.4286,0.5714,0.1428,0.6,0.8,0.2,0.5,0.6667,0.1667,5,5
Patagioenas_fasciata,both,0.5,0.5,0.0,0.2,0.2,0.0,0.2857,0.2857,0.0,5,5
Pedaliodes_peucestas,both,0.8,1.0,0.2,0.8,1.0,0.2,0.8,1.0,0.2,5,5
Pedaliodes_phaedra,both,0.8333,0.8333,0.0,1.0,1.0,0.0,0.9091,0.9091,0.0,5,5
Pelecinus_polyturator,both,0.8,1.0,0.2,0.8,1.0,0.2,0.8,1.0,0.2,5,5
Penelope_montagnii,both,0.9286,0.9286,0.0,0.9286,0.9286,0.0,0.9286,0.9286,0.0,14,14
Peperomia_rotundifolia,both,0.8333,0.625,-0.2083,1.0,1.0,0.0,0.9091,0.7692,-0.1399,5,5
Perisama_bonplandii,both,1.0,0.8333,-0.1667,0.8,1.0,0.2,0.8889,0.9091,0.0202,5,5
Perisama_humboldtii,both,1.0,1.0,0.0,1.0,0.8,-0.2,1.0,0.8889,-0.1111,5,5
Perisama_lebasii,both,1.0,1.0,0.0,0.8,0.8,0.0,0.8889,0.8889,0.0,5,5
Perisama_oppelii,both,0.8333,0.8333,0.0,1.0,1.0,0.0,0.9091,0.9091,0.0,5,5
Persicaria_capitata,both,1.0,1.0,0.0,0.4,0.6,0.2,0.5714,0.75,0.1786,5,5
Persicaria_nepalensis,both,0.6667,0.6667,0.0,0.8,0.8,0.0,0.7273,0.7273,0.0,5,5
Phaethornis_guy,both,1.0,1.0,0.0,1.0,1.0,0.0,1.0,1.0,0.0,5,5
Phalacrocorax_brasilianus,both,0.8333,0.7143,-0.119,1.0,1.0,0.0,0.9091,0.8333,-0.0758,5,5
Pharomachrus_auriceps,both,1.0,1.0,0.0,1.0,1.0,0.0,1.0,1.0,0.0,5,5
Pheucticus_ludovicianus,both,1.0,0.8333,-0.1667,1.0,1.0,0.0,1.0,0.9091,-0.0909,5,5
Pheugopedius_sclateri,both,1.0,1.0,0.0,0.8,0.8,0.0,0.8889,0.8889,0.0,5,5
Phimosus_infuscatus,both,0.8182,0.9,0.0818,0.8182,0.8182,0.0,0.8182,0.8571,0.0389,11,11
Phobetron_hipparchia,both,1.0,1.0,0.0,0.8,0.8,0.0,0.8889,0.8889,0.0,5,5
Pholidobolus_celsiae,both,0.7143,0.8333,0.119,1.0,1.0,0.0,0.8333,0.9091,0.0758,5,5
Phoneutria_depilata,both,1.0,0.8,-0.2,0.8,0.8,0.0,0.8889,0.8,-0.0889,5,5
Phytolacca_bogotensis,both,1.0,1.0,0.0,0.8333,0.6667,-0.1666,0.9091,0.8,-0.1091,6,6
Phytolacca_rivinoides,both,1.0,0.8,-0.2,0.6,0.8,0.2,0.75,0.8,0.05,5,5
Phytolacca_rugosa,both,0.6667,0.8333,0.1666,0.8,1.0,0.2,0.7273,0.9091,0.1818,5,5
Piaya_cayana,both,0.7143,0.7143,0.0,0.7143,0.7143,0.0,0.7143,0.7143,0.0,7,7
Picumnus_granadensis,both,0.8,1.0,0.2,0.8,0.8,0.0,0.8,0.8889,0.0889,5,5
Pionus_chalcopterus,both,0.75,1.0,0.25,0.6,0.4,-0.2,0.6667,0.5714,-0.0953,5,5
Pionus_menstruus,both,0.75,0.75,0.0,0.9,0.9,0.0,0.8182,0.8182,0.0,10,10
Piper_lanceifolium,both,1.0,0.8333,-0.1667,1.0,1.0,0.0,1.0,0.9091,-0.0909,5,5
Piper_peltatum,both,0.7143,0.7143,0.0,1.0,1.0,0.0,0.8333,0.8333,0.0,5,5
Pipra_erythrocephala,both,0.625,0.8333,0.2083,1.0,1.0,0.0,0.7692,0.9091,0.1399,5,5
Pipreola_arcuata,both,1.0,0.9091,-0.0909,1.0,1.0,0.0,1.0,0.9524,-0.0476,10,10
Pipreola_jucunda,both,1.0,1.0,0.0,1.0,1.0,0.0,1.0,1.0,0.0,5,5
Pipreola_riefferii,both,1.0,1.0,0.0,0.8667,0.9333,0.0666,0.9286,0.9655,0.0369,15,15
Piranga_flava,both,0.8,0.8,0.0,0.8,0.8,0.0,0.8,0.8,0.0,5,5
Piranga_rubra,both,0.9375,0.9375,0.0,1.0,1.0,0.0,0.9677,0.9677,0.0,15,15
Pitangus_sulphuratus,both,0.625,0.7143,0.0893,0.8333,0.8333,0.0,0.7143,0.7692,0.0549,12,12
Pleroma_urvilleanum,both,1.0,1.0,0.0,0.8,0.8,0.0,0.8889,0.8889,0.0,5,5
Pleurothallis_cordata,both,0.8333,0.8333,0.0,1.0,1.0,0.0,0.9091,0.9091,0.0,5,5
Pleurothallis_matudana,both,1.0,1.0,0.0,1.0,0.8,-0.2,1.0,0.8889,-0.1111,5,5
Pleurothallis_phalangifera,both,1.0,1.0,0.0,0.6,1.0,0.4,0.75,1.0,0.25,5,5
Pleurothallis_pulvinaris,both,0.7143,1.0,0.2857,1.0,1.0,0.0,0.8333,1.0,0.1667,5,5
Pleurothallis_tetragona,both,1.0,1.0,0.0,0.8,0.8,0.0,0.8889,0.8889,0.0,5,5
Podotricha_judith,both,0.8333,0.7143,-0.119,1.0,1.0,0.0,0.9091,0.8333,-0.0758,5,5
Poecilotriccus_ruficeps,both,1.0,0.9231,-0.0769,1.0,1.0,0.0,1.0,0.96,-0.04,12,12
Polistes_carnifex,both,1.0,0.8333,-0.1667,1.0,1.0,0.0,1.0,0.9091,-0.0909,5,5
Polistes_erythrocephalus,both,1.0,1.0,0.0,0.7,0.8,0.1,0.8235,0.8889,0.0654,10,10
Ponthieva_fertilis,both,0.5556,0.8333,0.2777,1.0,1.0,0.0,0.7143,0.9091,0.1948,5,5
Porphyrio_martinica,both,1.0,0.8,-0.2,0.8,0.8,0.0,0.8889,0.8,-0.0889,5,5
Porphyrobaphe_iris,both,1.0,1.0,0.0,1.0,1.0,0.0,1.0,1.0,0.0,5,5
Potentilla_indica,both,0.8333,1.0,0.1667,1.0,1.0,0.0,0.9091,1.0,0.0909,5,5
Potos_flavus,both,0.7143,0.8,0.0857,1.0,0.8,-0.2,0.8333,0.8,-0.0333,5,5
Pristimantis_achatinus,both,0.625,0.75,0.125,0.7143,0.8571,0.1428,0.6667,0.8,0.1333,7,7
Pristimantis_thectopternus,both,0.6667,1.0,0.3333,0.4,0.6,0.2,0.5,0.75,0.25,5,5
Prosthechea_hartwegii,both,0.75,0.8,0.05,0.6,0.8,0.2,0.6667,0.8,0.1333,5,5
Psalidognathus_modestus,both,1.0,1.0,0.0,1.0,1.0,0.0,1.0,1.0,0.0,5,5
Psarocolius_angustifrons,both,0.6667,0.8,0.1333,0.8,0.8,0.0,0.7273,0.8,0.0727,5,5
Pseudocolaptes_boissonneautii,both,1.0,1.0,0.0,0.4,0.6,0.2,0.5714,0.75,0.1786,5,5
Pseudohaetera_hypaesia,both,1.0,1.0,0.0,1.0,1.0,0.0,1.0,1.0,0.0,5,5
Pseudosphinx_tetrio,both,0.8333,1.0,0.1667,1.0,1.0,0.0,0.9091,1.0,0.0909,5,5
Pseudovates_brevicornis,both,1.0,1.0,0.0,0.6,0.4,-0.2,0.75,0.5714,-0.1786,5,5
Pteroglossus_torquatus,both,1.0,1.0,0.0,1.0,1.0,0.0,1.0,1.0,0.0,5,5
Pterophanes_cyanopterus,both,1.0,1.0,0.0,0.9333,0.9333,0.0,0.9655,0.9655,0.0,15,15
Pterostemma_antioquiense,both,1.0,1.0,0.0,1.0,1.0,0.0,1.0,1.0,0.0,5,5
Pulsatrix_perspicillata,both,1.0,0.8333,-0.1667,1.0,1.0,0.0,1.0,0.9091,-0.0909,5,5
Pycnopalpa_bicordata,both,1.0,1.0,0.0,0.8,1.0,0.2,0.8889,1.0,0.1111,5,5
Pyrocephalus_rubinus,both,0.7778,0.875,0.0972,0.7778,0.7778,0.0,0.7778,0.8235,0.0457,9,9
Pyrrhomyias_cinnamomeus,both,1.0,1.0,0.0,1.0,1.0,0.0,1.0,1.0,0.0,14,14
Pythonides_jovianus,both,1.0,1.0,0.0,1.0,1.0,0.0,1.0,1.0,0.0,5,5
Quercus_humboldtii,both,1.0,0.8,-0.2,0.8,0.8,0.0,0.8889,0.8,-0.0889,5,5
Quiscalus_lugubris,both,0.7143,0.6667,-0.0476,0.7143,0.8571,0.1428,0.7143,0.75,0.0357,7,7
Quiscalus_mexicanus,both,0.8,1.0,0.2,0.8,0.6,-0.2,0.8,0.75,-0.05,5,5
Racinaea_tetrantha,both,1.0,1.0,0.0,0.8,0.8,0.0,0.8889,0.8889,0.0,5,5
Ramphastos_citreolaemus,both,1.0,1.0,0.0,1.0,1.0,0.0,1.0,1.0,0.0,5,5
Ramphocelus_dimidiatus,both,1.0,0.8,-0.2,1.0,1.0,0.0,1.0,0.8889,-0.1111,8,8
Ramphocelus_flammigerus,both,0.7857,0.9231,0.1374,0.7333,0.8,0.0667,0.7586,0.8571,0.0985,15,15
Ramphomicron_microrhynchum,both,0.8,0.8333,0.0333,0.8,1.0,0.2,0.8,0.9091,0.1091,5,5
Raphiocera_ornata,both,0.8333,1.0,0.1667,1.0,1.0,0.0,0.9091,1.0,0.0909,5,5
Renealmia_cernua,both,1.0,1.0,0.0,0.6,0.6,0.0,0.75,0.75,0.0,5,5
Retrophyllum_rospigliosii,both,0.8333,0.7143,-0.119,1.0,1.0,0.0,0.9091,0.8333,-0.0758,5,5
Rhetus_arcius,both,1.0,1.0,0.0,0.8,0.8,0.0,0.8889,0.8889,0.0,5,5
Rhetus_dysonii,both,0.75,0.75,0.0,0.6,0.6,0.0,0.6667,0.6667,0.0,5,5
Rhinella_horribilis,both,0.7143,0.8333,0.119,1.0,1.0,0.0,0.8333,0.9091,0.0758,5,5
Rhipsalis_baccifera,both,0.4,0.8,0.4,0.4,0.8,0.4,0.4,0.8,0.4,5,5
Rhodobaenus_augustinus,both,1.0,1.0,0.0,1.0,1.0,0.0,1.0,1.0,0.0,5,5
Rhytidochrota_risaraldae,both,1.0,1.0,0.0,1.0,1.0,0.0,1.0,1.0,0.0,5,5
Ricinus_communis,both,1.0,1.0,0.0,0.8,1.0,0.2,0.8889,1.0,0.1111,5,5
Rodriguezia_lanceolata,both,0.8,0.8333,0.0333,0.8,1.0,0.2,0.8,0.9091,0.1091,5,5
Rubus_nubigenus,both,0.8333,0.5,-0.3333,1.0,1.0,0.0,0.9091,0.6667,-0.2424,5,5
Rupicola_peruvianus,both,1.0,1.0,0.0,0.4,0.4,0.0,0.5714,0.5714,0.0,5,5
Rupornis_magnirostris,both,0.9167,0.9167,0.0,0.7857,0.7857,0.0,0.8462,0.8462,0.0,14,14
Saguinus_leucopus,both,1.0,1.0,0.0,1.0,1.0,0.0,1.0,1.0,0.0,5,5
Saltator_atripennis,both,1.0,1.0,0.0,0.8,1.0,0.2,0.8889,1.0,0.1111,5,5
Saltator_cinctus,both,1.0,0.8333,-0.1667,1.0,1.0,0.0,1.0,0.9091,-0.0909,5,5
Saltator_striatipectus,both,0.6667,0.8,0.1333,0.8,0.8,0.0,0.7273,0.8,0.0727,5,5
Salvia_scutellarioides,both,0.6,0.8,0.2,0.6,0.8,0.2,0.6,0.8,0.2,5,5
Saucerottia_saucerottei,both,0.625,0.5714,-0.0536,0.5,0.4,-0.1,0.5556,0.4706,-0.085,10,10
Sayornis_nigricans,both,1.0,1.0,0.0,1.0,1.0,0.0,1.0,1.0,0.0,9,9
Scaphyglottis_aurea,both,1.0,0.8333,-0.1667,1.0,1.0,0.0,1.0,0.9091,-0.0909,5,5
Schistes_albogularis,both,1.0,1.0,0.0,0.8,0.8,0.0,0.8889,0.8889,0.0,5,5
Sciurus_granatensis,both,0.9375,0.9333,-0.0042,1.0,0.9333,-0.0667,0.9677,0.9333,-0.0344,15,15
Sciurus_pucheranii,both,1.0,0.8,-0.2,0.8,0.8,0.0,0.8889,0.8,-0.0889,5,5
Sechium_edule,both,0.6,0.75,0.15,0.6,0.6,0.0,0.6,0.6667,0.0667,5,5
Senecio_niveoaureus,both,1.0,1.0,0.0,1.0,1.0,0.0,1.0,1.0,0.0,5,5
Sericoptera_mahometaria,both,0.8333,0.8333,0.0,1.0,1.0,0.0,0.9091,0.9091,0.0,5,5
Sericossypha_albocristata,both,1.0,0.8333,-0.1667,1.0,1.0,0.0,1.0,0.9091,-0.0909,5,5
Serpocaulon_levigatum,both,0.8333,0.7143,-0.119,1.0,1.0,0.0,0.9091,0.8333,-0.0758,5,5
Serpophaga_cinerea,both,0.625,0.625,0.0,1.0,1.0,0.0,0.7692,0.7692,0.0,5,5
Setophaga_aestiva,both,0.6,0.75,0.15,0.6,0.6,0.0,0.6,0.6667,0.0667,5,5
Setophaga_castanea,both,0.75,1.0,0.25,0.6,0.8,0.2,0.6667,0.8889,0.2222,5,5
Setophaga_fusca,both,0.8571,0.7778,-0.0793,0.75,0.875,0.125,0.8,0.8235,0.0235,16,16
Setophaga_pitiayumi,both,0.625,0.8333,0.2083,1.0,1.0,0.0,0.7692,0.9091,0.1399,5,5
Sibovia_prodigiosa,both,1.0,1.0,0.0,1.0,1.0,0.0,1.0,1.0,0.0,5,5
Sicalis_flaveola,both,0.8571,0.8667,0.0096,0.8,0.8667,0.0667,0.8276,0.8667,0.0391,15,15
Siproeta_epaphus,both,1.0,0.8,-0.2,0.8,0.8,0.0,0.8889,0.8,-0.0889,5,5
Siproeta_stelenes,both,1.0,1.0,0.0,0.6,0.6,0.0,0.75,0.75,0.0,5,5
Solanum_quitoense,both,0.8333,0.8333,0.0,1.0,1.0,0.0,0.9091,0.9091,0.0,5,5
Solanum_vestissimum,both,1.0,0.7143,-0.2857,1.0,1.0,0.0,1.0,0.8333,-0.1667,5,5
Sphacelodes_vulneraria,both,0.7143,1.0,0.2857,1.0,1.0,0.0,0.8333,1.0,0.1667,5,5
Sphenopsis_frontalis,both,0.4444,0.6667,0.2223,0.8,0.8,0.0,0.5714,0.7273,0.1559,5,5
Sphenopsis_melanotis,both,0.8,0.8,0.0,0.8,0.8,0.0,0.8,0.8,0.0,5,5
Spilotes_pullatus,both,1.0,1.0,0.0,0.4,0.4,0.0,0.5714,0.5714,0.0,5,5
Spinus_psaltria,both,1.0,1.0,0.0,0.6,0.4,-0.2,0.75,0.5714,-0.1786,5,5
Spinus_xanthogastrus,both,0.5,1.0,0.5,0.4,0.8,0.4,0.4444,0.8889,0.4445,5,5
Spizaetus_tyrannus,both,1.0,1.0,0.0,0.8,0.8,0.0,0.8889,0.8889,0.0,5,5
Sporathraupis_cyanocephala,both,0.9091,0.9167,0.0076,0.8333,0.9167,0.0834,0.8696,0.9167,0.0471,12,12
Sporophila_crassirostris,both,0.75,0.5,-0.25,0.6,0.6,0.0,0.6667,0.5455,-0.1212,5,5
Sporophila_intermedia,both,0.8333,0.8333,0.0,1.0,1.0,0.0,0.9091,0.9091,0.0,5,5
Sporophila_luctuosa,both,0.5714,1.0,0.4286,0.8,0.8,0.0,0.6667,0.8889,0.2222,5,5
Sporophila_minuta,both,0.75,0.8,0.05,0.6,0.8,0.2,0.6667,0.8,0.1333,5,5
Sporophila_nigricollis,both,0.6667,1.0,0.3333,1.0,1.0,0.0,0.8,1.0,0.2,6,6
Stagmatoptera_septentrionalis,both,0.8333,0.8333,0.0,1.0,1.0,0.0,0.9091,0.9091,0.0,5,5
Stelgidopteryx_ruficollis,both,0.7143,0.8333,0.119,1.0,1.0,0.0,0.8333,0.9091,0.0758,5,5
Stilpnia_cyanicollis,both,0.8889,0.8889,0.0,0.8889,0.8889,0.0,0.8889,0.8889,0.0,9,9
Stilpnia_heinei,both,0.8889,0.875,-0.0139,0.8889,0.7778,-0.1111,0.8889,0.8235,-0.0654,9,9
Stilpnia_vitriolina,both,0.875,0.8235,-0.0515,0.875,0.875,0.0,0.875,0.8485,-0.0265,16,16
Streptoprocne_zonaris,both,0.4,0.4,0.0,0.8,0.8,0.0,0.5333,0.5333,0.0,5,5
Streptosolen_jamesonii,both,1.0,1.0,0.0,1.0,1.0,0.0,1.0,1.0,0.0,5,5
Sylvilagus_andinus,both,1.0,1.0,0.0,1.0,1.0,0.0,1.0,1.0,0.0,5,5
Synallaxis_azarae,both,0.8,1.0,0.2,0.8,0.8,0.0,0.8,0.8889,0.0889,5,5
Synoeca_septentrionalis,both,0.6667,0.8333,0.1666,0.8,1.0,0.2,0.7273,0.9091,0.1818,5,5
Tachyphonus_rufus,both,0.4286,0.5714,0.1428,0.6,0.8,0.2,0.5,0.6667,0.1667,5,5
Tangara_arthus,both,0.8333,0.8333,0.0,0.7143,0.7143,0.0,0.7692,0.7692,0.0,7,7
Tangara_gyrola,both,0.7333,0.7692,0.0359,1.0,0.9091,-0.0909,0.8462,0.8333,-0.0129,11,11
Tangara_icterocephala,both,1.0,1.0,0.0,0.8,0.8,0.0,0.8889,0.8889,0.0,5,5
Tangara_labradorides,both,1.0,0.8333,-0.1667,1.0,1.0,0.0,1.0,0.9091,-0.0909,5,5
Tangara_nigroviridis,both,0.7778,0.7778,0.0,1.0,1.0,0.0,0.875,0.875,0.0,7,7
Tangara_vassorii,both,0.8333,0.7143,-0.119,1.0,1.0,0.0,0.9091,0.8333,-0.0758,5,5
Tangara_xanthocephala,both,1.0,1.0,0.0,0.6,0.8,0.2,0.75,0.8889,0.1389,5,5
Tantilla_melanocephala,both,0.8,0.6,-0.2,0.8,0.6,-0.2,0.8,0.6,-0.2,5,5
Tegosa_anieta,both,1.0,1.0,0.0,1.0,1.0,0.0,1.0,1.0,0.0,5,5
Tersina_viridis,both,0.6667,1.0,0.3333,0.4,0.4,0.0,0.5,0.5714,0.0714,5,5
Tetragonisca_angustula,both,1.0,0.8333,-0.1667,1.0,1.0,0.0,1.0,0.9091,-0.0909,5,5
Thalurania_colombica,both,1.0,1.0,0.0,1.0,1.0,0.0,1.0,1.0,0.0,5,5
Thamnophilus_multistriatus,both,0.6,0.6,0.0,0.6,0.6,0.0,0.6,0.6,0.0,5,5
Theobroma_cacao,both,0.3333,0.0,-0.3333,0.2,0.0,-0.2,0.25,0.0,-0.25,5,5
Thlypopsis_superciliaris,both,0.8333,0.625,-0.2083,0.7143,0.7143,0.0,0.7692,0.6667,-0.1025,7,7
Thraupis_episcopus,both,0.7333,0.7333,0.0,0.7857,0.7857,0.0,0.7586,0.7586,0.0,14,14
Thraupis_palmarum,both,0.8889,0.9091,0.0202,0.7273,0.9091,0.1818,0.8,0.9091,0.1091,11,11
Thunbergia_alata,both,0.7143,0.9091,0.1948,1.0,1.0,0.0,0.8333,0.9524,0.1191,10,10
Thysania_zenobia,both,0.6667,0.75,0.0833,0.4,0.6,0.2,0.5,0.6667,0.1667,5,5
Tiaris_olivaceus,both,0.8333,1.0,0.1667,1.0,1.0,0.0,0.9091,1.0,0.0909,5,5
Tigrisoma_lineatum,both,1.0,1.0,0.0,0.8,0.8,0.0,0.8889,0.8889,0.0,5,5
Tillandsia_biflora,both,0.8,1.0,0.2,0.8,0.8,0.0,0.8,0.8889,0.0889,5,5
Tillandsia_complanata,both,0.7143,0.6667,-0.0476,1.0,0.8,-0.2,0.8333,0.7273,-0.106,5,5
Tillandsia_fendleri,both,0.75,0.75,0.0,0.6,0.6,0.0,0.6667,0.6667,0.0,5,5
Tithorea_tarricina,both,1.0,1.0,0.0,0.8,0.8,0.0,0.8889,0.8889,0.0,5,5
Tityra_semifasciata,both,1.0,1.0,0.0,1.0,1.0,0.0,1.0,1.0,0.0,5,5
Tityus_forcipula,both,1.0,1.0,0.0,0.8,0.8,0.0,0.8889,0.8889,0.0,5,5
Todirostrum_cinereum,both,0.625,0.7143,0.0893,1.0,1.0,0.0,0.7692,0.8333,0.0641,5,5
Tournefortiopsis_crispiflora,both,1.0,0.6,-0.4,0.8,0.6,-0.2,0.8889,0.6,-0.2889,5,5
Trichonephila_clavipes,both,1.0,1.0,0.0,1.0,1.0,0.0,1.0,1.0,0.0,5,5
Trifolium_pratense,both,0.7143,0.8333,0.119,1.0,1.0,0.0,0.8333,0.9091,0.0758,5,5
Trifolium_repens,both,0.8333,0.8333,0.0,1.0,1.0,0.0,0.9091,0.9091,0.0,5,5
Trigona_fulviventris,both,1.0,1.0,0.0,1.0,0.8,-0.2,1.0,0.8889,-0.1111,5,5
Tringa_solitaria,both,0.8,0.8,0.0,0.8,0.8,0.0,0.8,0.8,0.0,5,5
Troglodytes_musculus,both,0.8571,0.875,0.0179,0.8571,1.0,0.1429,0.8571,0.9333,0.0762,7,7
Troglodytes_solstitialis,both,1.0,1.0,0.0,1.0,1.0,0.0,1.0,1.0,0.0,8,8
Trogon_personatus,both,0.75,0.875,0.125,0.6667,0.7778,0.1111,0.7059,0.8235,0.1176,9,9
Turdus_fuscater,both,0.9375,0.8824,-0.0551,1.0,1.0,0.0,0.9677,0.9375,-0.0302,15,15
Turdus_grayi,both,0.6667,1.0,0.3333,0.4,0.6,0.2,0.5,0.75,0.25,5,5
Turdus_ignobilis,both,0.8333,0.7692,-0.0641,0.9091,0.9091,0.0,0.8696,0.8333,-0.0363,11,11
Turnera_subulata,both,1.0,0.8333,-0.1667,0.8,1.0,0.2,0.8889,0.9091,0.0202,5,5
Tyrannus_melancholicus,both,0.9375,0.9375,0.0,1.0,1.0,0.0,0.9677,0.9677,0.0,15,15
Tyrannus_savana,both,1.0,1.0,0.0,0.6,0.6,0.0,0.75,0.75,0.0,5,5
Urania_fulgens,both,1.0,1.0,0.0,1.0,1.0,0.0,1.0,1.0,0.0,5,5
Uranomitra_franciae,both,0.8571,0.8571,0.0,0.8571,0.8571,0.0,0.8571,0.8571,0.0,7,7
Uropsalis_lyra,both,1.0,1.0,0.0,0.8,0.8,0.0,0.8889,0.8889,0.0,5,5
Urosticte_benjamini,both,0.8333,0.8333,0.0,1.0,1.0,0.0,0.9091,0.9091,0.0,5,5
Vallea_stipularis,both,1.0,1.0,0.0,0.4,0.6,0.2,0.5714,0.75,0.1786,5,5
Vanellus_chilensis,both,0.7778,1.0,0.2222,0.7778,0.8889,0.1111,0.7778,0.9412,0.1634,9,9
Vanessa_braziliensis,both,1.0,1.0,0.0,1.0,0.8,-0.2,1.0,0.8889,-0.1111,5,5
Vanessa_carye,both,1.0,0.75,-0.25,1.0,1.0,0.0,1.0,0.8571,-0.1429,9,9
Veniliornis_dignus,both,1.0,1.0,0.0,1.0,1.0,0.0,1.0,1.0,0.0,5,5
Vireo_leucophrys,both,0.8,0.5,-0.3,0.8,0.8,0.0,0.8,0.6154,-0.1846,5,5
Volatinia_jacarina,both,0.3333,0.3333,0.0,0.2,0.2,0.0,0.25,0.25,0.0,5,5
Voyria_tenella,both,1.0,1.0,0.0,1.0,1.0,0.0,1.0,1.0,0.0,5,5
Vultur_gryphus,both,0.75,1.0,0.25,0.6,0.6,0.0,0.6667,0.75,0.0833,5,5
Wercklea_ferox,both,0.6,0.8,0.2,0.6,0.8,0.2,0.6,0.8,0.2,5,5
Xenops_rutilans,both,1.0,1.0,0.0,1.0,1.0,0.0,1.0,1.0,0.0,5,5
Xiphocolaptes_promeropirhynchus,both,0.75,0.8,0.05,0.6,0.8,0.2,0.6667,0.8,0.1333,5,5
Xylocopa_fimbriata,both,1.0,0.8333,-0.1667,1.0,1.0,0.0,1.0,0.9091,-0.0909,5,5
Zantedeschia_aethiopica,both,1.0,1.0,0.0,0.8,0.8,0.0,0.8889,0.8889,0.0,5,5
Zelus_longipes,both,1.0,1.0,0.0,1.0,1.0,0.0,1.0,1.0,0.0,5,5
Zenaida_auriculata,both,0.6875,0.6667,-0.0208,0.7333,0.9333,0.2,0.7097,0.7778,0.0681,15,15
Zentrygon_frenata,both,0.875,1.0,0.125,0.875,0.875,0.0,0.875,0.9333,0.0583,8,8
Zimmerius_chrysops,both,0.8333,0.8333,0.0,1.0,1.0,0.0,0.9091,0.9091,0.0,5,5
Zingiber_spectabile,both,1.0,1.0,0.0,1.0,1.0,0.0,1.0,1.0,0.0,9,9
Zonotrichia_capensis,both,0.9375,0.875,-0.0625,1.0,0.9333,-0.0667,0.9677,0.9032,-0.0645,15,15
